"","player_name","team_name","games","time","goals","assists","shots","key_passes","xG","xA","npxG","npxG90","xA90","npxG_plus_xA90"
"1","Erling Haaland","Manchester City",15,1305,14,4,58,16,16.7274999320507,3.24723109789193,13.6828247606754,0.943643086943133,0.223946972268409,1.16759005921154
"2","Darwin Núñez","Liverpool",18,1049,5,5,50,17,9.26088525075465,3.24773155059665,9.26088525075465,0.794546875660552,0.278642363730886,1.07318923939144
"3","Callum Wilson","Newcastle United",14,710,7,1,31,5,8.66250088065863,0.428669301792979,7.14016330987215,0.905091123786611,0.05433836219911,0.959429485985721
"4","Leandro Trossard","Arsenal",14,537,3,1,18,12,3.43586020544171,1.97707108221948,3.43586020544171,0.575842492532131,0.331352695344047,0.907195187876178
"5","Chris Wood","Nottingham Forest",17,616,7,1,18,12,5.02758608013391,1.07241009362042,5.02758608013391,0.73454991430528,0.156683292899087,0.891233207204367
"6","Mohamed Salah","Liverpool",19,1678,12,7,59,43,11.2537938058376,7.97094052657485,8.20919270813465,0.44030235025752,0.427523627766231,0.867825978023751
"7","Nicolas Jackson","Chelsea",17,1278,7,1,42,13,10.6287316214293,1.4919245261699,10.6287316214293,0.74850222686122,0.105065107476753,0.853567334337973
"8","Alexander Isak","Newcastle United",14,981,8,0,31,10,9.49555057287216,1.24864615872502,7.97321283817291,0.731487416346139,0.114554693461011,0.84604210980715
"9","Leon Bailey","Aston Villa",17,782,5,5,24,17,3.12005185335875,4.01691603660583,3.12005185335875,0.359085251665329,0.462304914698881,0.82139016636421
"10","Pablo Sarabia","Wolverhampton Wanderers",11,531,1,4,14,24,1.22961057722569,3.57328788936138,1.22961057722569,0.208408572411133,0.605642015145997,0.81405058755713
"11","Beto","Everton",13,408,1,0,21,6,2.87042124615982,0.556847301311791,2.87042124615982,0.633181157241137,0.12283396352466,0.756015120765797
"12","Neal Maupay","Brentford",12,551,2,2,21,8,3.58850565925241,1.00782960746437,3.58850565925241,0.586144300059377,0.164618266192003,0.750762566251379
"13","Arnaut Danjuma Groeneveld","Everton",10,393,1,0,20,5,2.93056557327509,0.325510799884796,2.93056557327509,0.671121887009562,0.0745444579888846,0.745666344998447
"14","Ollie Watkins","Aston Villa",19,1689,9,6,53,27,10.2737388685346,3.60724260658026,10.2737388685346,0.54744612088106,0.192215414204987,0.739661535086047
"15","Richarlison","Tottenham",15,786,5,3,32,7,5.3573126476258,0.880545064806938,5.3573126476258,0.613432745911352,0.10082577077942,0.714258516690772
"16","Son Heung-Min","Tottenham",18,1559,11,4,45,33,7.00292944908142,6.08086513355374,6.24176061153412,0.360332556150142,0.351044170634918,0.711376726785059
"17","Brennan Johnson","Tottenham",12,694,1,3,22,16,3.29601296782494,2.17133729532361,3.29601296782494,0.427436840207845,0.281585528211996,0.70902236841984
"18","Carlos Vinicius","Fulham",13,286,2,0,9,5,1.62438803166151,0.576106656342745,1.62438803166151,0.511171058914461,0.181292304443521,0.692463363357982
"19","Jack Grealish","Manchester City",10,529,3,1,15,13,1.9777357429266,2.07215869426727,1.9777357429266,0.336476780460102,0.35254117671844,0.689017957178541
"20","Armando Broja","Chelsea",10,296,1,0,9,1,2.19543278031051,0.0289228446781635,2.19543278031051,0.667530237256574,0.00879410817917134,0.676324345435746
"21","Cole Palmer","Chelsea",15,1050,6,3,33,25,5.87855828367174,4.89486580900848,2.83388283662498,0.242904243139284,0.419559926486441,0.662464169625725
"22","Dominic Solanke","Bournemouth",18,1618,12,1,57,14,11.4737512543797,0.997695099562406,10.7125824019313,0.595879120008539,0.0554960191351153,0.651375139143654
"23","Dominic Calvert-Lewin","Everton",14,1002,3,0,31,6,6.61397818848491,0.629807449411601,6.61397818848491,0.594069897169303,0.0565695313842755,0.650639428553579
"24","Estupiñán","Brighton",6,501,1,3,8,13,0.958143117837608,2.58699741214514,0.958143117837608,0.172121518174421,0.464730074038049,0.636851592212469
"25","James Maddison","Tottenham",11,909,3,5,27,31,2.94461618922651,3.46415580436587,2.94461618922651,0.291546157349159,0.342985723204542,0.634531880553701
"26","Jarrod Bowen","West Ham",17,1530,11,1,47,11,8.29572493582964,2.27955769561231,8.29572493582964,0.487983819754685,0.134091629153665,0.62207544890835
"27","Keane Lewis-Potter","Brentford",11,400,1,0,14,2,2.63317219540477,0.131059285253286,2.63317219540477,0.592463743966073,0.0294883391819894,0.621952083148062
"28","Bukayo Saka","Arsenal",17,1502,5,6,37,43,5.9841365031898,5.85271300375462,4.46179888024926,0.267351464196028,0.350695186643086,0.618046650839114
"29","Anthony Gordon","Newcastle United",18,1525,6,4,40,20,5.90147648379207,4.56761539913714,5.90147648379207,0.34828385805986,0.269564187490061,0.61784804554992
"30","Diogo Jota","Liverpool",13,657,5,0,23,12,3.79360628128052,0.594490872696042,3.79360628128052,0.519672093326098,0.0814371058487729,0.601109199174871
"31","Eberechi Eze","Crystal Palace",12,820,2,1,33,22,3.65146650373936,2.53659174963832,2.89029765874147,0.317227791813089,0.278406411545669,0.595634203358758
"32","Moussa Diaby","Aston Villa",19,1246,3,4,29,26,3.00171418115497,5.1304323412478,3.00171418115497,0.216817236198994,0.370576974889488,0.587394211088482
"33","Solly March","Brighton",7,571,3,1,14,7,2.71988470852375,0.991332266479731,2.71988470852375,0.42870336911933,0.156252020986297,0.584955390105627
"34","Ben Chilwell","Chelsea",6,351,0,1,7,9,0.959005028009415,1.28690016269684,0.959005028009415,0.245898725130619,0.329974400691497,0.575873125822116
"35","Gabriel Jesus","Arsenal",13,847,3,1,28,12,4.27206720784307,1.14504725858569,4.27206720784307,0.453938664351683,0.121669720510876,0.57560838486256
"36","Taiwo Awoniyi","Nottingham Forest",10,688,4,2,12,9,3.71535001695156,0.675555858761072,3.71535001695156,0.486019624310524,0.0883721326867682,0.574391756997292
"37","Bryan Mbeumo","Brentford",15,1289,7,3,41,22,7.57461512833834,2.89480174332857,5.29110855609179,0.369433491115796,0.202119594181204,0.571553085296999
"38","Reece James","Chelsea",8,404,0,1,7,10,0.338995715603232,2.1956724897027,0.338995715603232,0.0755188475353736,0.489134960577335,0.564653808112708
"39","Raheem Sterling","Chelsea",18,1442,5,3,31,22,5.32903009653091,3.69245308451355,5.32903009653091,0.33260243320928,0.230458236897517,0.563060670106797
"40","Abdoulaye Doucouré","Everton",17,1460,6,0,28,22,7.04720298945904,2.0368963368237,7.04720298945904,0.434416622637886,0.125562102954886,0.559978725592772
"41","Jean-Philippe Mateta","Crystal Palace",15,603,2,3,12,13,2.49929895997047,1.98093152046204,1.73813010007143,0.259422402995736,0.295661420964483,0.555083823960219
"42","Bruno Fernandes","Manchester United",18,1620,3,3,46,52,4.82726518064737,6.4715658146888,3.3049274161458,0.183607078674767,0.359531434149378,0.543138512824145
"43","Oliver McBurnie","Sheffield United",11,677,3,1,17,6,3.35912634059787,1.44778685644269,2.59795744344592,0.345371004298571,0.192467972052943,0.537838976351514
"44","Pedro Neto","Wolverhampton Wanderers",10,894,1,7,18,24,1.87306687235832,3.45898022502661,1.87306687235832,0.188563779096475,0.348219485740934,0.536783264837409
"45","Jéremy Doku","Manchester City",11,721,2,5,22,19,1.23123347014189,3.06872527301311,1.23123347014189,0.153690724428252,0.383058633247129,0.536749357675382
"46","Anthony Elanga","Nottingham Forest",19,1265,4,5,35,16,3.11400289647281,4.42560938000679,3.11400289647281,0.221549613187789,0.314865489486649,0.536415102674438
"47","Julián Álvarez","Manchester City",17,1441,4,5,41,39,4.79147593677044,3.74337940383703,4.79147593677044,0.299259427001624,0.23379885242563,0.533058279427253
"48","Eddie Nketiah","Arsenal",17,845,5,1,28,7,4.28302132338285,0.637153822928667,4.28302132338285,0.456179785922434,0.0678625373533492,0.524042323275783
"49","João Pedro","Brighton",18,940,5,1,34,14,4.72247516363859,2.27117294166237,3.20021167211235,0.306403245202246,0.217452728457036,0.523855973659281
"50","Dwight McNeil","Everton",15,1214,2,3,28,24,1.94653458334506,5.0166396908462,1.94653458334506,0.144306517710918,0.371909038036374,0.516215555747293
"51","Marcus Tavernier","Bournemouth",15,1111,2,3,27,19,2.48458273336291,3.79109000880271,2.48458273336291,0.20127132853525,0.307109001613181,0.508380330148431
"52","Michael Olise","Crystal Palace",7,485,2,1,14,15,1.51337662152946,1.97515314072371,0.752207750454545,0.139584943383318,0.366523263227079,0.506108206610397
"53","Odsonne Edouard","Crystal Palace",15,1270,6,0,39,13,6.13176785409451,0.864791008643806,6.13176785409451,0.434534729817721,0.0612844021873563,0.495819132005077
"54","Phil Foden","Manchester City",17,1341,4,4,33,29,4.13306108675897,3.13158467411995,4.13306108675897,0.277386650118052,0.210173468061742,0.487560118179793
"55","Kaoru Mitoma","Brighton",17,1308,3,4,31,23,4.13626983389258,2.91806837543845,4.13626983389258,0.284605722515545,0.200784521245765,0.48539024376131
"56","Said Benrahma","West Ham",11,487,0,1,16,10,1.02374116331339,1.58151308819652,1.02374116331339,0.189192412111304,0.292271412603052,0.481463824714356
"57","Nicolo Zaniolo","Aston Villa",13,512,1,0,19,6,2.3345769867301,0.39193157106638,2.3345769867301,0.41037486094865,0.068894221476512,0.479269082425162
"58","Hee-Chan Hwang","Wolverhampton Wanderers",18,1325,8,2,30,13,5.65799420513213,2.12328725494444,4.8968253377825,0.332614551245604,0.144223285241509,0.476837836487113
"59","Marcus Rashford","Manchester United",18,1244,2,2,41,15,5.32064056582749,1.99944939091802,4.55947172828019,0.329865317962393,0.144654698699857,0.474520016662249
"60","Bernardo Silva","Manchester City",14,1176,4,3,13,28,1.42508559674025,4.69183043949306,1.42508559674025,0.109062673219917,0.359068656083653,0.468131329303569
"61","Alejandro Garnacho","Manchester United",17,976,3,1,41,16,3.53366144001484,1.47852171584964,3.53366144001484,0.325849927870221,0.136339092650069,0.46218902052029
"62","Trent Alexander-Arnold","Liverpool",17,1418,2,3,26,47,1.30066091567278,5.95156089216471,1.30066091567278,0.0825525263826164,0.377743639135983,0.460296165518599
"63","Yoane Wissa","Brentford",17,1408,3,1,40,13,5.66501353308558,1.53593299910426,5.66501353308558,0.362110240040982,0.0981775354541076,0.46028777549509
"64","Cody Gakpo","Liverpool",17,794,2,1,24,10,3.47182789817452,0.553370043635368,3.47182789817452,0.393532129516004,0.0627245641400292,0.456256693656033
"65","Luis Díaz","Liverpool",18,1122,3,1,34,20,3.73823888041079,1.8799771592021,3.73823888041079,0.299858733722791,0.150800306887869,0.45065904061066
"66","Dejan Kulusevski","Tottenham",18,1603,5,2,33,41,2.88594729453325,5.00024786964059,2.88594729453325,0.162030727703052,0.280737559742765,0.442768287445818
"67","Antoine Semenyo","Bournemouth",15,862,3,1,30,11,2.35240478627384,1.8391491137445,2.35240478627384,0.245610708543672,0.192022529277268,0.43763323782094
"68","Jack Hinshelwood","Brighton",7,459,1,0,9,4,1.50402320921421,0.70787002146244,1.50402320921421,0.29490651161063,0.138798043424008,0.433704555034637
"69","Jay Rodriguez","Burnley",13,690,2,1,18,3,3.91254914551973,0.147509101778269,3.15138030797243,0.411049605387708,0.0192403176232524,0.430289923010961
"70","Jack Harrison","Everton",12,957,1,3,12,13,1.75242931395769,2.77329114452004,1.75242931395769,0.16480526463552,0.260811079421948,0.425616344057467
"71","Antony","Manchester United",15,874,0,0,24,16,1.38518521375954,2.71780809387565,1.38518521375954,0.142639209654873,0.279865822023808,0.422505031678681
"72","James Ward-Prowse","West Ham",17,1518,3,5,22,35,2.88250063359737,4.21264269202948,2.88250063359737,0.170899247051228,0.249761424428625,0.420660671479853
"73","Pascal Groß","Brighton",16,1370,3,6,30,45,2.74135397002101,3.60773856472224,2.74135397002101,0.180088946935687,0.237004723229928,0.417093670165615
"74","Harvey Elliott","Liverpool",16,351,1,1,17,9,0.552830735221505,1.0688568931073,0.552830735221505,0.141751470569617,0.274065870027512,0.415817340597128
"75","Matheus Cunha","Wolverhampton Wanderers",18,1543,5,3,41,17,4.78731629531831,2.32821921259165,4.78731629531831,0.279234262202623,0.135800213307355,0.415034475509978
"76","Raúl Jiménez","Fulham",16,1057,4,0,25,8,3.51842205971479,1.33114983513951,3.51842205971479,0.299581821546198,0.11334293771292,0.412924759259118
"77","Bobby Reid","Fulham",17,765,3,0,16,5,3.11115389782935,0.369422363117337,3.11115389782935,0.366018105626983,0.0434614544843926,0.409479560111375
"78","Kieran Trippier","Newcastle United",18,1589,0,7,6,53,0.248871576040983,6.97474317066371,0.248871576040983,0.0140959357103137,0.395045239370506,0.40914117508082
"79","Jordan Ayew","Crystal Palace",17,1385,2,3,30,13,3.03491581231356,3.12944264430553,3.03491581231356,0.197214745926513,0.203357283745486,0.400572029671998
"80","Rico Lewis","Manchester City",8,344,1,0,2,5,0.543982565402985,0.941203057765961,0.543982565402985,0.142321020018223,0.24624498604342,0.388566006061643
"81","Miguel Almirón","Newcastle United",19,1341,3,1,32,16,4.1840605083853,1.60445971786976,4.1840605083853,0.280809430092973,0.107681860259715,0.388491290352689
"82","Rasmus Højlund","Manchester United",15,1056,1,0,19,12,3.69496095553041,0.811963148415089,3.69496095553041,0.314911445073614,0.0692014046944678,0.384112849768082
"83","Philip Billing","Bournemouth",17,1140,2,2,23,18,2.45707860030234,2.36232043989003,2.45707860030234,0.193979889497553,0.186498982096581,0.380478871594134
"84","Kai Havertz","Arsenal",18,1091,4,1,25,15,4.18398883938789,1.15027798339725,3.42282000929117,0.282359120839785,0.0948900261280954,0.37724914696788
"85","Matthew Cash","Aston Villa",17,1281,2,1,23,7,3.61463157366961,1.75483936816454,3.61463157366961,0.253955379883111,0.123290822119288,0.377246202002399
"86","Martin Odegaard","Arsenal",15,1336,4,3,34,35,3.28458035923541,3.79356978833675,1.7622794713825,0.118716431455408,0.255554851010709,0.374271282466117
"87","Scott McTominay","Manchester United",16,1066,5,0,27,4,3.93583961389959,0.463624438270926,3.93583961389959,0.33229415126732,0.0391427762142433,0.371436927481563
"88","Simon Adingra","Brighton",17,1155,4,1,20,18,2.96836021915078,1.75140753388405,2.96836021915078,0.231300796297464,0.136473314328627,0.367774110626091
"89","Alex Iwobi","Fulham",15,1076,3,1,30,14,3.29190256260335,1.08967881742865,3.29190256260335,0.27534500988318,0.091144139004255,0.366489148887435
"90","Elijah Adebayo","Luton",18,720,4,0,15,11,2.24709564633667,0.659635914489627,2.24709564633667,0.280886955792084,0.0824544893112034,0.363341445103288
"91","Frank Onyeka","Brentford",15,685,0,1,16,8,1.08625359646976,1.66885820031166,1.08625359646976,0.142719450631063,0.219266040916861,0.361985491547924
"92","Tomas Soucek","West Ham",17,1354,4,1,23,6,4.77442104741931,0.632705176249146,4.77442104741931,0.317354427081047,0.0420557354966198,0.359410162577667
"93","Gabriel Martinelli","Arsenal",16,1202,2,2,28,26,2.77326259016991,2.02235103771091,2.77326259016991,0.207648613240675,0.1514239545707,0.359072567811375
"94","Dango Ouattara","Bournemouth",12,393,0,0,11,5,1.15114068891853,0.414503324776888,1.15114068891853,0.263620005095847,0.0949244255214247,0.358544430617271
"95","Rodri","Manchester City",14,1199,3,2,28,15,2.51705454103649,2.23736351728439,2.51705454103649,0.18893653769248,0.167942215642698,0.356878753335179
"96","Pedro Porro","Tottenham",17,1530,0,5,30,31,1.83952130004764,4.19669839553535,1.83952130004764,0.10820713529692,0.246864611502079,0.355071746798999
"97","Johann Berg Gudmundsson","Burnley",12,688,0,1,8,23,0.725194158032537,1.97948088496923,0.725194158032537,0.0948655148589074,0.258943720417487,0.353809235276394
"98","John McGinn","Aston Villa",19,1652,5,2,23,29,2.79849130660295,3.63955928757787,2.79849130660295,0.152460180141807,0.198281074989109,0.350741255130916
"99","Lucas Paquetá","West Ham",17,1506,2,5,21,26,2.48535845894367,4.09644083119929,1.72418962139636,0.103039220402173,0.244807220988005,0.347846441390178
"100","Cameron Archer","Sheffield United",16,1317,3,0,24,17,3.00774355605245,2.00208641216159,3.00774355605245,0.205540561917024,0.136816839099881,0.342357401016904
"101","Lyle Foster","Burnley",10,814,3,3,13,9,2.18921361118555,0.90631909109652,2.18921361118555,0.242050644971375,0.100207270514357,0.342257915485733
"102","Jacob Brown","Luton",17,974,2,0,22,8,2.83701819553971,0.842442538589239,2.83701819553971,0.262147471867119,0.0778437663994163,0.339991238266536
"103","Enzo Fernández","Chelsea",16,1281,2,0,30,14,4.73417160473764,1.61941999942064,3.21183394081891,0.225655780385403,0.113776580755549,0.339432361140952
"104","Jacob Bruun Larsen","Burnley",16,434,2,0,15,11,1.05512422509491,0.573602989315987,1.05512422509491,0.218804562807701,0.118949928659997,0.337754491467698
"105","Joelinton","Newcastle United",15,1067,2,1,15,18,2.05506361275911,1.92604317516088,2.05506361275911,0.173341823006861,0.162459124427816,0.335800947434676
"106","Andreas Pereira","Fulham",19,1380,1,4,18,37,1.26668976712972,3.87410266138613,1.26668976712972,0.0826102022041121,0.252658869220835,0.335269071424947
"107","Luca Koleosho","Burnley",15,1015,1,1,23,11,2.32437304221094,1.45664900541306,2.32437304221094,0.206102043151709,0.129160995553867,0.335263038705576
"108","Danny Welbeck","Brighton",10,477,2,0,12,7,1.06867866031826,0.706577192991972,1.06867866031826,0.201637483078916,0.133316451507919,0.334953934586835
"109","Casemiro","Manchester United",8,655,1,0,15,7,1.9023862760514,0.528318172320724,1.9023862760514,0.261396587549048,0.0725933366547559,0.333989924203804
"110","Morgan Gibbs-White","Nottingham Forest",19,1594,1,3,37,33,3.05748214200139,3.57061503268778,2.29631336405873,0.129653828585499,0.201603107240841,0.33125693582634
"111","Andros Townsend","Luton",10,575,1,2,11,8,1.12632369250059,0.988559188321233,1.12632369250059,0.176294143174006,0.15473100338941,0.331025146563416
"112","Willian","Fulham",15,1007,4,1,24,20,3.5891515975818,1.63533989433199,2.0668139224872,0.184720211543047,0.146157488073366,0.330877699616412
"113","Lewis Miley","Newcastle United",8,614,1,1,12,6,1.04033005982637,1.20904620736837,1.04033005982637,0.152491376847514,0.177221756780381,0.329713133627895
"114","Pape Sarr","Tottenham",16,1116,1,2,24,14,2.97754752077162,1.09654744900763,2.97754752077162,0.240124800062228,0.0884312458877121,0.32855604594994
"115","Evan Ferguson","Brighton",16,939,6,0,23,5,2.80430922470987,0.606390587985516,2.80430922470987,0.268783631761329,0.0581205036407842,0.326904135402113
"116","Mike Trésor","Burnley",12,363,0,0,5,7,0.66159885795787,0.649102685041726,0.66159885795787,0.164032774700298,0.160934550010345,0.324967324710643
"117","Wilson Odobert","Burnley",10,509,3,1,11,9,0.565360317006707,1.26721798069775,0.565360317006707,0.0999654784491231,0.224066047667579,0.324031526116702
"118","Sean Longstaff","Newcastle United",16,1072,2,1,17,11,2.44128551706672,1.41688078455627,2.44128551706672,0.204958672141795,0.118954543479538,0.323913215621333
"119","Mohammed Kudus","West Ham",15,870,6,1,20,11,1.7903366368264,1.33219756931067,1.7903366368264,0.185207238292386,0.137813541652827,0.323020779945213
"120","Kristoffer Ajer","Brentford",11,739,0,1,6,7,0.513616437092423,1.99880321323872,0.513616437092423,0.0625513928799974,0.2434266430196,0.305978035899597
"121","Bruno Guimarães","Newcastle United",18,1601,1,2,22,26,2.37695366889238,3.01540789753199,2.37695366889238,0.133620131293138,0.169510750017413,0.303130881310552
"122","Elliot Anderson","Newcastle United",9,395,0,1,7,6,0.709692776203156,0.620638135820627,0.709692776203156,0.161702151539959,0.14141122081989,0.303113372359849
"123","Michail Antonio","West Ham",12,859,2,2,9,6,1.91638543270528,0.952766828238964,1.91638543270528,0.200785435324186,0.0998242311309741,0.30060966645516
"124","Dominik Szoboszlai","Liverpool",19,1552,2,2,35,31,1.41461406741291,3.65663407929242,1.41461406741291,0.0820330322597694,0.212047079340411,0.29408011160018
"125","Harry Wilson","Fulham",19,1013,2,3,20,11,1.36914690770209,1.92574962601066,1.36914690770209,0.121641877288438,0.171093254038459,0.292735131326897
"126","Neco Williams","Nottingham Forest",10,395,0,1,4,7,0.381273284554482,0.899221880361438,0.381273284554482,0.0868723939491224,0.204885998057036,0.291758392006159
"127","Sandro Tonali","Newcastle United",8,436,1,0,3,7,0.858128592371941,0.552169257774949,0.858128592371941,0.177136636040079,0.113979892659967,0.291116528700046
"128","Mykhailo Mudryk","Chelsea",16,713,2,1,12,13,1.19539417698979,1.0862944573164,1.19539417698979,0.150891270587772,0.137119917473318,0.28801118806109
"129","Youri Tielemans","Aston Villa",16,505,0,3,4,6,0.194440623745322,1.41115953028202,0.194440623745322,0.0346527844298594,0.251493777674023,0.286146562103883
"130","Chiedozie Ogbene","Luton",17,957,1,1,12,12,1.11306440830231,1.91992303729057,1.11306440830231,0.104676903602098,0.180557025450524,0.285233929052622
"131","Nathan Aké","Manchester City",13,828,2,1,11,6,1.0481096431613,1.56837170571089,1.0481096431613,0.113924961213184,0.170475185403357,0.284400146616542
"132","James Garner","Everton",17,1429,1,1,23,21,1.39936963282526,3.09608699940145,1.39936963282526,0.0881338467139769,0.194994982467551,0.283128829181528
"133","Mathias Jensen","Brentford",12,953,3,2,7,20,0.475168704986572,2.50024790689349,0.475168704986572,0.0448742743429082,0.236119949234433,0.280994223577341
"134","Ryan Christie","Bournemouth",18,1440,0,2,16,21,0.768611051142216,3.71798389218748,0.768611051142216,0.0480381906963885,0.232373993261717,0.280412183958106
"135","Yehor Yarmolyuk","Brentford",9,280,0,0,6,2,0.820180157199502,0.0514804199337959,0.820180157199502,0.263629336242697,0.016547277835863,0.28017661407856
"136","Max Lowe","Sheffield United",7,307,0,0,2,1,0.939758777618408,0.012994728051126,0.939758777618408,0.275499315914191,0.00380952939609557,0.279308845310287
"137","Anthony Martial","Manchester United",13,430,1,0,6,6,1.05673907324672,0.276294218376279,1.05673907324672,0.221177945563267,0.0578290224508491,0.279006968014116
"138","Jefferson Lerma","Crystal Palace",13,1143,0,1,18,15,1.84194550011307,1.68558739125729,1.84194550011307,0.145035078749061,0.132723416634432,0.277758495383493
"139","Matt Doherty","Wolverhampton Wanderers",12,345,1,0,3,6,0.627819046378136,0.429509293287992,0.627819046378136,0.163778881663861,0.112045902596868,0.275824784260729
"140","Ryan Gravenberch","Liverpool",14,603,0,0,11,8,1.20325120165944,0.606363017112017,1.20325120165944,0.179589731590961,0.0905019428525398,0.270091674443501
"141","Dan Burn","Newcastle United",14,1186,2,0,11,3,2.79639577679336,0.739718146622181,2.79639577679336,0.212205413078754,0.056133754802695,0.268339167881449
"142","Rodrigo Muniz","Fulham",8,294,0,0,11,4,0.668407641351223,0.203467769548297,0.668407641351223,0.204614584087109,0.0622860519025399,0.266900635989649
"143","Ross Barkley","Luton",13,982,1,1,26,12,1.07306923530996,1.80486913397908,1.07306923530996,0.098346467594599,0.1654157047435,0.263762172338099
"144","Douglas Luiz","Aston Villa",18,1588,5,3,32,26,4.40721847489476,2.49695971794426,2.12371193990111,0.120361507928904,0.141515349253768,0.261876857182673
"145","Tom Cairney","Fulham",17,702,1,2,8,8,0.649512744508684,1.39048734679818,0.649512744508684,0.0832708646806005,0.178267608563869,0.26153847324447
"146","Carlton Morris","Luton",18,1231,3,2,31,9,4.11282343044877,0.938425885513425,2.59048569574952,0.189393755172589,0.0686095285915583,0.258003283764147
"147","Justin Kluivert","Bournemouth",14,789,2,0,14,11,1.74248871952295,0.513779252767563,1.74248871952295,0.198762971808702,0.0586059984145509,0.257368970223253
"148","Michael Keane","Everton",5,313,1,0,5,0,0.874801605939865,0,0.874801605939865,0.251540397874083,0,0.251540397874083
"149","Jeffrey Schlupp","Crystal Palace",15,1117,1,1,13,12,1.72683203965425,1.37480197101831,1.72683203965425,0.139135974546896,0.110771868748118,0.249907843295015
"150","Mahmoud Dahoud","Brighton",9,462,0,1,6,10,0.164688309654593,1.10069604218006,0.164688309654593,0.0320821382444013,0.214421306918194,0.246503445162595
"151","Amadou Onana","Everton",14,1147,1,0,16,9,1.68866601400077,1.42230171151459,1.68866601400077,0.132502128387157,0.111601703606202,0.244103831993359
"152","Zeki Amdouni","Burnley",18,1379,2,1,30,10,2.72978650033474,1.00930661708117,2.72978650033474,0.178158654844182,0.065872077982092,0.244030732826274
"153","William Osula","Sheffield United",10,457,0,0,11,1,1.13664524257183,0.098784826695919,1.13664524257183,0.223846984313927,0.0194543422377083,0.243301326551636
"154","Issa Kabore","Luton",14,1020,0,1,6,10,0.303846094757318,2.43389346450567,0.303846094757318,0.0268099495374105,0.214755305691677,0.241565255229087
"155","Christian Nørgaard","Brentford",16,1411,1,1,24,15,1.88832671754062,1.89380743727088,1.88832671754062,0.120446069864391,0.120795655105868,0.241241724970259
"156","Facundo Buonanotte","Brighton",10,370,1,1,6,5,0.315675925463438,0.674537206068635,0.315675925463438,0.076786035923539,0.164076617692371,0.24086265361591
"157","Conor Gallagher","Chelsea",17,1437,0,4,20,23,1.31133619695902,2.51008105091751,1.31133619695902,0.0821296156759302,0.157207581477088,0.239337197153018
"158","Nathan Patterson","Everton",16,774,0,2,4,7,0.452077662572265,1.57352857291698,0.452077662572265,0.0525671700665424,0.182968438711277,0.23553560877782
"159","Harry Toffolo","Nottingham Forest",12,927,1,3,8,14,1.40978819690645,1.01386844180524,1.40978819690645,0.136872640476354,0.09843382930148,0.235306469777834
"160","Giovani Lo Celso","Tottenham",8,293,2,0,8,7,0.367881014943123,0.390247259289026,0.367881014943123,0.11300099435113,0.119871171795264,0.232872166146394
"161","Gustavo Hamer","Sheffield United",18,1485,2,2,23,27,1.02126993238926,2.65035183727741,1.02126993238926,0.0618951474175309,0.160627384077419,0.22252253149495
"162","Sergio Reguilón","Manchester United",8,401,0,0,4,7,0.21072756126523,0.762419894337654,0.21072756126523,0.0472954626281065,0.171116684514685,0.218412147142792
"163","Oliver Skipp","Tottenham",13,342,0,0,1,4,0.424388736486435,0.385698854923248,0.424388736486435,0.111681246443799,0.101499698664013,0.213180945107811
"164","Andrew Robertson","Liverpool",8,720,1,0,2,19,0.551529001444578,1.13611609023064,0.551529001444578,0.0689411251805723,0.14201451127883,0.210955636459403
"165","Mateo Kovacic","Manchester City",12,678,0,0,10,7,0.872671231627464,0.716142249293625,0.872671231627464,0.115841313932849,0.0950631304372069,0.210904444370056
"166","Iyenoma Destiny Udogie","Tottenham",15,1271,1,2,4,11,1.54832342267036,1.39962580148131,1.54832342267036,0.109637378473905,0.0991080425911232,0.208745421065028
"167","Alfie Doughty","Luton",17,1250,1,3,10,31,0.640873979777098,2.24272547289729,0.640873979777098,0.046142926543951,0.161476234048605,0.207619160592556
"168","Virgil van Dijk","Liverpool",17,1467,1,2,21,7,1.94473261386156,1.42979624541476,1.94473261386156,0.11930874931666,0.0877175610683904,0.207026310385051
"169","Benoit Badiashile Mukinayi","Chelsea",5,369,0,1,2,3,0.312465477734804,0.535711112432182,0.312465477734804,0.07621109213044,0.130661246934679,0.206872339065119
"170","James McAtee","Sheffield United",15,1017,1,2,12,14,1.1570046544075,1.16305565368384,1.1570046544075,0.102389792425443,0.102925279087066,0.205315071512508
"171","Malo Gusto","Chelsea",11,612,0,2,6,5,0.499594885855913,0.86217475682497,0.499594885855913,0.0734698361552813,0.126790405415437,0.200260241570718
"172","Pelly Ruddock Mpanzu","Luton",16,727,0,0,9,4,1.1216421527788,0.492327891290188,1.1216421527788,0.138855287139054,0.0609484322092392,0.199803719348293
"173","Sven Botman","Newcastle United",8,587,1,1,6,3,0.362814661115408,0.9268479347229,0.362814661115408,0.055627460818376,0.142106156942182,0.197733617760558
"174","Reece Burke","Luton",8,612,0,1,5,6,0.627458799630404,0.683080842718482,0.627458799630404,0.092273352886824,0.100453065105659,0.192726417992483
"175","Vitalii Mykolenko","Everton",13,1170,2,0,16,5,1.6171396560967,0.884065574035048,1.6171396560967,0.124395358161284,0.0680050441565422,0.192400402317827
"176","Ben White","Arsenal",17,1321,1,1,5,15,1.038440246135,1.76704744249582,1.038440246135,0.0707491462166159,0.120389303425151,0.191138449641767
"177","Ethan Pinnock","Brentford",17,1530,1,0,12,3,2.73978200927377,0.474594429135323,2.73978200927377,0.161163647604339,0.0279173193609013,0.189080966965241
"178","Tahith Chong","Luton",14,670,1,0,11,1,1.38935505971313,0.0156517792493105,1.38935505971313,0.186629784140569,0.00210247780960887,0.188732261950178
"179","Rico Henry","Brentford",5,401,0,1,2,4,0.0453700954094529,0.790493458509445,0.0453700954094529,0.0101828144310493,0.177417484453491,0.187600298884541
"180","Mario Lemina","Wolverhampton Wanderers",16,1402,3,0,25,4,2.67242924962193,0.235352318733931,2.67242924962193,0.17155394612409,0.0151082087632338,0.186662154887323
"181","Oleksandr Zinchenko","Arsenal",17,1148,1,1,13,17,0.438051707111299,1.94087482057512,0.438051707111299,0.0343420327874712,0.15215917582906,0.186501208616531
"182","Jean-Ricner Bellegarde","Wolverhampton Wanderers",9,469,1,1,6,6,0.316716451197863,0.639949057251215,0.316716451197863,0.060777144153108,0.122804723139892,0.183581867293
"183","Sasa Lukic","Fulham",11,367,0,0,5,2,0.635502735152841,0.110036060214043,0.635502735152841,0.15584535739443,0.0269843199434982,0.182829677337928
"184","Raphael Varane","Manchester United",10,518,1,0,5,1,0.97059953212738,0.0810448750853539,0.97059953212738,0.168636984346456,0.0140811559028607,0.182718140249317
"185","Bénie Traoré","Sheffield United",8,360,0,0,1,4,0.321222692728043,0.395326912403107,0.321222692728043,0.0803056731820107,0.0988317281007767,0.179137401282787
"186","Vitaly Janelt","Brentford",17,1409,0,1,8,21,0.738495112396777,2.06457914784551,0.738495112396777,0.0471714408202341,0.131875176228599,0.179046617048833
"187","Kenny Tete","Fulham",8,620,1,0,3,2,1.12572149187326,0.0817978987470269,1.12572149187326,0.163411184304184,0.0118738885277942,0.175285072831978
"188","Willy Boly","Nottingham Forest",14,1011,1,0,11,5,1.32437406852841,0.616893846541643,1.32437406852841,0.117896801352678,0.0549163661609771,0.172813167513655
"189","Billy Gilmour","Brighton",17,1108,0,1,16,16,0.483023299369961,1.6185026075691,0.483023299369961,0.0392347445336611,0.131466818304349,0.17070156283801
"190","Ashley Young","Everton",15,1225,0,0,7,13,0.290574617683887,2.02693253662437,0.290574617683887,0.0213483392584081,0.148917492486689,0.170265831745097
"191","Nathan Collins","Brentford",13,1007,1,1,5,3,0.918117681518197,0.983957104384899,0.918117681518197,0.0820561979509809,0.0879405555060983,0.169996753457079
"192","Joachim Andersen","Crystal Palace",18,1620,2,1,13,13,1.66209390759468,1.38425383344293,1.66209390759468,0.0923385504219267,0.0769029907468292,0.169241541168756
"193","Chris Basham","Sheffield United",8,298,0,0,2,2,0.409136772155762,0.142877459526062,0.409136772155762,0.123564796959794,0.0431509105951194,0.166715707554913
"194","Rayan Ait Nouri","Wolverhampton Wanderers",15,1021,0,0,8,12,1.11665717884898,0.755759350955486,1.11665717884898,0.0984320725723882,0.0666193355396609,0.165051408112049
"195","Lucas Digne","Aston Villa",18,1547,0,2,12,29,0.48516078107059,2.34507405385375,0.48516078107059,0.0282252555244687,0.13642964760623,0.164654903130699
"196","Jacob Ramsey","Aston Villa",9,373,1,0,6,2,0.504400916397572,0.165514960885048,0.504400916397572,0.121705314948476,0.0399365857363386,0.161641900684814
"197","Christian Eriksen","Manchester United",13,689,1,1,7,9,0.33792666066438,0.898034731857479,0.33792666066438,0.044141363512038,0.11730497223102,0.161446335743058
"198","Mads Andersen","Luton",8,390,1,0,3,0,0.69393415004015,0,0.69393415004015,0.160138650009265,0,0.160138650009265
"199","Konstantinos Tsimikas","Liverpool",10,660,0,3,2,15,0.0386355575174093,1.11218881886452,0.0386355575174093,0.00526848511601036,0.151662111663344,0.156930596779355
"200","Declan Rice","Arsenal",18,1576,3,1,24,12,1.10630055796355,1.62211558781564,1.10630055796355,0.0631770623202535,0.0926335043803349,0.155810566700588
"201","Adam Lallana","Brighton",12,509,0,1,2,8,0.146698579192162,0.723575564101338,0.146698579192162,0.0259388450438007,0.127940669487467,0.153879514531267
"202","Antonee Robinson","Fulham",18,1587,0,3,8,15,0.538454392924905,2.15307100117207,0.538454392924905,0.0305361659503727,0.122102325208246,0.152638491158618
"203","Marc Cucurella","Chelsea",9,708,0,0,4,6,0.969254916533828,0.228753631934524,0.969254916533828,0.123210370745826,0.0290788515171005,0.152289222262926
"204","Tom Lockyer","Luton",14,1185,1,1,7,3,1.61942542344332,0.375797882676125,1.61942542344332,0.12299433595772,0.0285416113424905,0.151535947300211
"205","Idrissa Gueye","Everton",14,1029,1,0,15,9,1.04730018414557,0.672702459618449,1.04730018414557,0.0916005991964055,0.0588369498208556,0.150437549017261
"206","Hugo Bueno","Wolverhampton Wanderers",10,364,0,0,4,2,0.250466560944915,0.349241368472576,0.250466560944915,0.0619285452885778,0.0863508878091534,0.148279433097731
"207","Sander Berge","Burnley",19,1427,1,1,13,11,1.5119559019804,0.836094260215759,1.5119559019804,0.0953581157520925,0.0527319435314775,0.14809005928357
"208","James Milner","Brighton",11,531,0,1,2,9,0.0589195918291807,0.810803174972534,0.0589195918291807,0.00998637149647131,0.137424266944497,0.147410638440969
"209","Alex Scott","Bournemouth",5,332,0,1,2,3,0.0823033787310123,0.455348238348961,0.0823033787310123,0.022311156884913,0.123437775456044,0.145748932340957
"210","Ryan Yates","Nottingham Forest",16,775,0,0,10,3,0.84166762791574,0.340349122881889,0.84166762791574,0.0977420471127956,0.0395244142701549,0.137266461382951
"211","Lewis Dunk","Brighton",15,1337,1,0,19,5,1.81936212070286,0.211672506295145,1.81936212070286,0.122470150234299,0.0142487102218123,0.136718860456111
"212","Murillo","Nottingham Forest",13,1153,0,1,7,5,0.695825124159455,1.03386708721519,0.695825124159455,0.0543141900905039,0.0807008133992772,0.135015003489781
"213","Aaron Wan-Bissaka","Manchester United",10,704,0,1,1,4,0.022585567086935,1.03271673619747,0.022585567086935,0.00288735942872749,0.132023446388881,0.134910805817609
"214","Josko Gvardiol","Manchester City",13,1068,0,0,10,7,0.943789455108345,0.558733670040965,0.943789455108345,0.0795328192507032,0.04708429803716,0.126617117287863
"215","Callum Hudson-Odoi","Nottingham Forest",10,459,1,0,5,8,0.219582386314869,0.414624757133424,0.219582386314869,0.0430553698656606,0.0812989719869459,0.124354341852607
"216","Lewis Cook","Bournemouth",13,1004,0,1,2,15,0.0861985236406326,1.29209215007722,0.0861985236406326,0.00772695929049496,0.115824993532819,0.123551952823314
"217","Levi Colwill","Chelsea",17,1375,1,1,10,6,0.704984836280346,1.18061297759414,0.704984836280346,0.0461444620110772,0.0772764858061617,0.123420947817239
"218","Anel Ahmedhodzic","Sheffield United",14,1210,1,0,11,1,1.62312154471874,0.0165072288364172,1.62312154471874,0.120728048780733,0.00122781040932029,0.121955859190053
"219","Vladimir Coufal","West Ham",18,1619,0,5,2,20,0.0362556017935276,2.15578424092382,0.0362556017935276,0.00201544420099906,0.119839766326834,0.121855210527833
"220","Gabriel","Arsenal",16,1279,1,0,11,3,0.85222640261054,0.874785935506225,0.85222640261054,0.0599690197302179,0.0615564770880064,0.121525496818224
"221","Pau Torres","Aston Villa",17,1494,2,0,9,7,1.41905813291669,0.593196582980454,1.41905813291669,0.0854854296937764,0.0357347339144852,0.121220163608262
"222","Emerson","West Ham",17,1480,0,1,10,12,0.859115095809102,1.12840123381466,0.859115095809102,0.0522434855559589,0.0686189939481886,0.120862479504147
"223","Luke Shaw","Manchester United",8,701,0,0,2,11,0.0712745040655136,0.863573800772429,0.0712745040655136,0.00915079224806879,0.110872527916574,0.120023320164643
"224","Ben Davies","Tottenham",12,703,0,0,7,1,0.859859630465508,0.0627209767699242,0.859859630465508,0.110081602762298,0.00802971253100025,0.118111315293299
"225","Rúben Dias","Manchester City",15,1271,0,0,10,3,1.24802618101239,0.41293038148433,1.24802618101239,0.088373215020547,0.0292397595071516,0.117612974527699
"226","Takehiro Tomiyasu","Arsenal",12,569,1,1,8,1,0.383670017123222,0.352029085159302,0.383670017123222,0.060685942954464,0.0556812261236154,0.116367169078079
"227","James Tarkowski","Everton",18,1620,1,1,12,10,1.05128371343017,1.00657183211297,1.05128371343017,0.0584046507461203,0.0559206573396093,0.11432530808573
"228","Ibrahim Sangare","Nottingham Forest",11,853,0,0,6,6,0.754687018692493,0.299157796427608,0.754687018692493,0.0796270007999114,0.0315641285797007,0.111191129379612
"229","Tyrick Mitchell","Crystal Palace",17,1450,1,1,3,9,0.461045887321234,1.32568704895675,0.461045887321234,0.0286166412820076,0.0822840237283501,0.110900665010358
"230","Hannes Delcroix","Burnley",8,302,0,0,4,3,0.23279432207346,0.136727083474398,0.23279432207346,0.0693757913463953,0.0407464818301185,0.110122273176514
"231","Nicolás Domínguez","Nottingham Forest",10,688,1,0,10,2,0.796685302630067,0.0395376272499561,0.796685302630067,0.104217554123119,0.00517207333211635,0.109389627455236
"232","Naif Aguerd","West Ham",16,1426,1,0,12,3,1.48773628845811,0.240893168374896,1.48773628845811,0.093896399692307,0.0152036361526933,0.109100035845
"233","Valentino Livramento","Newcastle United",13,585,0,0,1,5,0.0243731122463942,0.681523833423853,0.0243731122463942,0.00374970957636833,0.104849820526747,0.108599530103115
"234","Saman Ghoddos","Brentford",12,494,1,0,6,6,0.22106078080833,0.3468371424824,0.22106078080833,0.0402742313213556,0.0631889530838381,0.103463184405194
"235","Toti","Wolverhampton Wanderers",15,1106,0,1,5,1,1.01913817226887,0.23832979798317,1.01913817226887,0.0829316776710652,0.019393925694833,0.102325603365898
"236","Diogo Dalot","Manchester United",17,1461,1,1,12,20,0.480324900709093,1.16408660635352,0.480324900709093,0.0295888029184246,0.0717096472086358,0.10129845012706
"237","Joseph Gomez","Liverpool",16,817,0,0,11,10,0.521905113942921,0.394653607159853,0.521905113942921,0.0574926074110929,0.0434746935671809,0.100967300978274
"238","George Baldock","Sheffield United",10,746,0,1,1,6,0.024696996435523,0.786830987781286,0.024696996435523,0.00297953040106846,0.094925990482997,0.0979055208840655
"239","Kyle Walker","Manchester City",17,1530,0,1,7,15,0.174645659513772,1.47106274496764,0.174645659513772,0.0102732740890454,0.0865331026451553,0.0968063767342006
"240","Jamaal Lascelles","Newcastle United",13,1039,1,0,6,2,1.07592798769474,0.0364065654575825,1.07592798769474,0.0931987669802951,0.00315360047274535,0.0963523674530405
"241","Will Hughes","Crystal Palace",14,974,0,0,3,12,0.118658446706831,0.903912704437971,0.118658446706831,0.0109643328579208,0.0835237611903669,0.0944880940482877
"242","Josh Brownhill","Burnley",18,1408,3,0,16,16,0.715365974232554,0.74139453843236,0.715365974232554,0.0457265182392968,0.0473902758941139,0.0931167941334107
"243","Curtis Jones","Liverpool",11,477,0,1,6,2,0.310206167399883,0.181538887321949,0.310206167399883,0.0585294655471478,0.0342526202494243,0.0927820857965721
"244","William Saliba","Arsenal",18,1620,1,1,5,2,1.58480393048376,0.0804478973150253,1.58480393048376,0.0880446628046532,0.00446932762861252,0.0925139904332658
"245","Yves Bissouma","Tottenham",15,1243,0,0,18,6,0.986928947269916,0.287088379263878,0.986928947269916,0.0714590549109352,0.020786769214601,0.0922458241255362
"246","Cheick Oumar Doucoure","Crystal Palace",11,926,0,0,6,10,0.198884927667677,0.736156518571079,0.198884927667677,0.0193300685638131,0.0715486897099321,0.0908787582737452
"247","Cristian Romero","Tottenham",15,1176,3,0,10,5,0.953268084675074,0.23308596201241,0.953268084675074,0.0729541901537046,0.0178382113785008,0.0907924015322054
"248","Harry Maguire","Manchester United",11,831,0,1,7,2,0.359207136556506,0.476921860128641,0.359207136556506,0.0389032999880693,0.0516521870175424,0.0905554870056116
"249","Adam Smith","Bournemouth",10,648,0,2,0,6,0,0.643781751394272,0,0,0.0894141321380933,0.0894141321380933
"250","Marcos Senesi","Bournemouth",16,1109,2,2,3,8,0.759881652891636,0.339360596612096,0.759881652891636,0.0616675822905746,0.027540535342731,0.0892081176333056
"251","Ben Mee","Brentford",9,686,1,0,6,5,0.450947776436806,0.224840583279729,0.450947776436806,0.0591622447220299,0.0294980357072531,0.088660280429283
"252","João Gomes","Wolverhampton Wanderers",16,1235,0,0,10,8,0.301052058115602,0.899990765377879,0.301052058115602,0.021939016380894,0.0655863715659993,0.0875253879468933
"253","Serge Aurier","Nottingham Forest",12,843,0,2,6,3,0.204267621040344,0.600338395684958,0.204267621040344,0.0218079310719229,0.0640930671549777,0.0859009982269005
"254","Charlie Taylor","Burnley",15,1350,1,1,7,7,0.155873754061759,1.07174914516509,0.155873754061759,0.0103915836041172,0.0714499430110057,0.081841526615123
"255","Max Aarons","Bournemouth",12,960,0,1,1,6,0.0223495960235596,0.841499071568251,0.0223495960235596,0.00209527462720871,0.0788905379595235,0.0809858125867322
"256","Luke Thomas","Sheffield United",11,850,0,0,6,2,0.685700803995132,0.0699961539357901,0.685700803995132,0.0726036145406611,0.00741135747555424,0.0800149720162153
"257","Ibrahima Konaté","Liverpool",13,766,0,0,7,4,0.315173418261111,0.359368899837136,0.315173418261111,0.0370308193779373,0.0422234999808646,0.0792543193588019
"258","Boubacar Kamara","Aston Villa",16,1370,0,1,5,19,0.143527294509113,1.0398956919089,0.143527294509113,0.00942880036921179,0.0683143155268618,0.0777431158960736
"259","João Palhinha","Fulham",16,1342,2,1,17,4,0.90287162642926,0.25625748001039,0.90287162642926,0.0605502581062842,0.0171856730260321,0.0777359311323163
"260","Manuel Akanji","Manchester City",13,1081,2,0,7,5,0.72940669208765,0.203192494809628,0.72940669208765,0.0607276616909237,0.0169170439711993,0.077644705662123
"261","Ezri Konsa Ngoyo","Aston Villa",19,1681,0,0,10,4,1.353759072721,0.0960025293752551,1.353759072721,0.0724796648095719,0.0051399331610785,0.0776195979706504
"262","Scott McKenna","Nottingham Forest",5,420,0,0,2,3,0.170083753764629,0.190442383289337,0.170083753764629,0.0364465186638491,0.0408090821334294,0.0772556007972785
"263","Mason Mount","Manchester United",8,401,0,0,3,5,0.171554282307625,0.171987895853817,0.171554282307625,0.0385034548820106,0.0386007746305326,0.0771042295125431
"264","Jayden Bogle","Sheffield United",15,1147,1,0,10,2,0.823936961591244,0.153160363435745,0.823936961591244,0.0646506770211089,0.0120178140446531,0.076668491065762
"265","Josh Cullen","Burnley",11,851,0,1,3,6,0.0986861009150744,0.62070987187326,0.0986861009150744,0.0104368379346142,0.0656449923250216,0.0760818302596358
"266","Tim Ream","Fulham",13,1146,1,0,1,0,0.960849940776825,0,0.960849940776825,0.0754594194327349,0,0.0754594194327349
"267","Jarrad Branthwaite","Everton",15,1350,0,0,5,3,0.283990046009421,0.838680152315646,0.283990046009421,0.0189326697339614,0.0559120101543764,0.0748446798883378
"268","Kurt Zouma","West Ham",16,1418,1,0,9,1,1.12129803281277,0.0395787581801414,1.12129803281277,0.0711684223929123,0.00251205094232209,0.0736804733352344
"269","Danilo","Nottingham Forest",12,571,0,0,5,2,0.389891537837684,0.0748718902468681,0.389891537837684,0.0614540077152217,0.0118011735940773,0.073255181309299
"270","Craig Dawson","Wolverhampton Wanderers",17,1494,0,0,11,5,0.819863084703684,0.38702192902565,0.819863084703684,0.0493893424520291,0.0233145740376898,0.0727039164897189
"271","Carlos Baleba","Brighton",11,530,0,0,8,5,0.291048604995012,0.136484540533274,0.291048604995012,0.049423348018021,0.023176620090556,0.072599968108577
"272","Ben Osborn","Sheffield United",8,283,0,0,1,3,0.112549036741257,0.114611927419901,0.112549036741257,0.0357929798823785,0.0364490228543854,0.0722420027367639
"273","Harrison Reed","Fulham",16,761,0,1,3,9,0.0719906883314252,0.533869920298457,0.0719906883314252,0.00851401044655488,0.0631383611391079,0.0716523715856628
"274","Timothy Castagne","Fulham",16,1178,0,0,6,10,0.350846782326698,0.581373297609389,0.350846782326698,0.0268049324358258,0.0444173147579329,0.0712222471937588
"275","Dara O&#039;Shea","Burnley",15,1299,0,2,8,6,0.517439247108996,0.507701189257205,0.517439247108996,0.0358502942569743,0.0351756020270581,0.0710258962840324
"276","Emerson","Tottenham",13,583,1,0,3,1,0.0715288538485765,0.384427726268768,0.0715288538485765,0.0110421901309981,0.059345618120393,0.0703878082513911
"277","Marc Guehi","Crystal Palace",17,1530,0,0,5,3,0.488894015550613,0.695208990946412,0.488894015550613,0.0287584715029773,0.0408946465262595,0.0696531180292368
"278","Moisés Caicedo","Chelsea",15,1185,0,0,6,8,0.148227707482874,0.758889129385352,0.148227707482874,0.0112578005683196,0.0576371490672419,0.0688949496355615
"279","Ryan John Giles","Luton",11,492,0,0,2,5,0.147144287824631,0.226076139137149,0.147144287824631,0.0269166380167007,0.041355391305576,0.0682720293222768
"280","Joel Matip","Liverpool",10,798,0,0,5,2,0.55475003644824,0.0490581784397364,0.55475003644824,0.062565793584388,0.00553287726763944,0.0680986708520274
"281","Max Kilman","Wolverhampton Wanderers",18,1620,0,0,4,9,0.696006113663316,0.508888852782547,0.696006113663316,0.0386670063146287,0.0282716029323637,0.0669386092469924
"282","Axel Disasi","Chelsea",16,1420,1,0,8,2,0.875733565539122,0.157361708581448,0.875733565539122,0.0555042400693809,0.009973629417134,0.0654778694865149
"283","Oliver Norwood","Sheffield United",17,1185,1,0,15,14,0.986426271498203,0.623474110849202,0.225294250994921,0.0171109557717661,0.0473524641151292,0.0644634198868954
"284","Amari&#039;i Bell","Luton",13,1089,0,0,2,6,0.499377933796495,0.275530063547194,0.499377933796495,0.0412709036195451,0.0227710796319995,0.0640419832515446
"285","Albert Sambi Lokonga","Luton",5,326,0,1,3,2,0.0908014811575413,0.140360236167908,0.0908014811575413,0.0250678935711004,0.0387497584512629,0.0638176520223632
"286","Fabian Schär","Newcastle United",19,1633,0,0,18,3,0.737969530746341,0.390841143205762,0.737969530746341,0.0406719275977775,0.0215405406543286,0.0622124682521061
"287","Louis Beyer","Burnley",14,1236,0,1,5,3,0.426903713494539,0.411100629717112,0.426903713494539,0.0310852218563985,0.0299345118726052,0.0610197337290037
"288","Micky van de Ven","Tottenham",11,945,1,0,5,0,0.636803861707449,0,0.636803861707449,0.0606479868292809,0,0.0606479868292809
"289","Joël Veltman","Brighton",16,883,0,1,3,2,0.137234281748533,0.434379175305367,0.137234281748533,0.0139876391363171,0.0442742081285198,0.0582618472648369
"290","Alexis Mac Allister","Liverpool",14,1135,1,1,8,8,0.184342922642827,0.512826887890697,0.184342922642827,0.0146175004738806,0.0406646871455178,0.0552821876193983
"291","Thiago Silva","Chelsea",17,1530,1,0,6,5,0.209609657526016,0.707253617234528,0.209609657526016,0.0123299798544715,0.0416031539549722,0.0539331338094438
"292","Milos Kerkez","Bournemouth",15,1176,0,1,4,5,0.210102077573538,0.484698453918099,0.210102077573538,0.0160792406306279,0.0370942694325076,0.0531735100631355
"293","Joel Ward","Crystal Palace",16,1342,0,1,9,2,0.686183888465166,0.0965822115540504,0.686183888465166,0.0460182935632377,0.00647719749617328,0.0524954910594109
"294","Nélson Semedo","Wolverhampton Wanderers",17,1506,0,1,8,8,0.46525633148849,0.381676808930933,0.46525633148849,0.027804163236364,0.0228093710516494,0.0506135342880134
"295","Konstantinos Mavropanos","West Ham",5,311,0,0,2,1,0.101897969841957,0.0721744298934937,0.101897969841957,0.0294881584751644,0.0208864909659628,0.0503746494411272
"296","Mads Roerslev","Brentford",13,595,0,0,2,5,0.0421356335282326,0.262430801987648,0.0421356335282326,0.0063734571723377,0.0396954154267031,0.0460688725990408
"297","Joe Rothwell","Bournemouth",11,370,0,0,2,4,0.0497114863246679,0.137135162018239,0.0497114863246679,0.0120919831600544,0.0333572015720042,0.0454491847320586
"298","Diego Carlos","Aston Villa",13,788,0,0,4,3,0.319949559867382,0.0711218612268567,0.319949559867382,0.0365424624214015,0.00812305521626536,0.0446655176376669
"299","Igor Julio","Brighton",10,662,0,0,2,4,0.110229540616274,0.218150094151497,0.110229540616274,0.0149858892076505,0.0296578677849467,0.0446437569925972
"300","John Egan","Sheffield United",6,491,0,0,3,0,0.23835951462388,0,0.23835951462388,0.0436911533933793,0,0.0436911533933793
"301","Boubacar Traore","Wolverhampton Wanderers",11,357,0,0,4,2,0.0690235905349255,0.101836987771094,0.0690235905349255,0.017400905176872,0.0256731901943934,0.0430740953712654
"302","Joe Worrall","Nottingham Forest",7,440,0,0,2,2,0.0814925581216812,0.128578826785088,0.0814925581216812,0.0166689323430712,0.026300214569677,0.0429691469127482
"303","Ola Aina","Nottingham Forest",13,930,1,1,6,4,0.124965278431773,0.318522080779076,0.124965278431773,0.0120934140417845,0.0308247174947493,0.0429181315365338
"304","Adam Webster","Brighton",6,540,0,0,3,1,0.237023063004017,0.0188541635870933,0.237023063004017,0.0395038438340028,0.00314236059784889,0.0426462044318517
"305","Jan Paul van Hecke","Brighton",13,1015,0,0,7,3,0.372218396514654,0.104047853499651,0.372218396514654,0.0330045868830728,0.00922591804430403,0.0422305049273768
"306","Illia Zabarnyi","Bournemouth",18,1620,0,0,4,2,0.606190450489521,0.149131221696734,0.606190450489521,0.0336772472494178,0.0082850678720408,0.0419623151214586
"307","Gabriel Osho","Luton",8,688,1,0,1,0,0.318866044282913,0,0.318866044282913,0.0417121278858462,0,0.0417121278858462
"308","Teden Mengi","Luton",13,1033,1,0,7,0,0.473314446397126,0,0.473314446397126,0.0412374638680942,0,0.0412374638680942
"309","Pierre-Emile Højbjerg","Tottenham",17,571,0,0,6,2,0.120997712016106,0.140277456492186,0.120997712016106,0.0190714432249554,0.0221102821091011,0.0411817253340564
"310","Lloyd Kelly","Bournemouth",9,686,0,0,1,5,0.116049006581306,0.196584101766348,0.116049006581306,0.0152250883269936,0.0257909171413576,0.0410160054683512
"311","Victor Lindelöf","Manchester United",12,915,1,1,3,6,0.201724706217647,0.199633235111833,0.201724706217647,0.0198417743820636,0.0196360559126393,0.0394778302947029
"312","Jack Robinson","Sheffield United",18,1574,0,1,5,6,0.293274432420731,0.394853960722685,0.293274432420731,0.0167691860977546,0.0225774183386542,0.0393466044364088
"313","Wataru Endo","Liverpool",14,609,1,0,4,3,0.203474828973413,0.0600438080728054,0.203474828973413,0.0300701717694698,0.00887346917332099,0.0389436409427908
"314","Jorginho","Arsenal",11,379,0,0,3,3,0.0713825915008783,0.0892352219671011,0.0713825915008783,0.0169510111743511,0.0211904221030055,0.0381414332773566
"315","Marvelous Nakamba","Luton",13,1140,0,0,5,7,0.136416927911341,0.325817082077265,0.136416927911341,0.0107697574666848,0.0257224012166262,0.036492158683311
"316","Edson Álvarez","West Ham",15,1175,0,1,9,3,0.320529074408114,0.135839092545211,0.320529074408114,0.0245511631461534,0.0104046964502715,0.0349558595964249
"317","Auston Trusty","Sheffield United",14,1089,0,0,3,1,0.393822908401489,0.0227297097444534,0.393822908401489,0.032547347801776,0.00187848840863251,0.0344258362104085
"318","Orel Mangala","Nottingham Forest",17,1433,1,0,7,5,0.26397205516696,0.26646825298667,0.26397205516696,0.0165788450558453,0.0167356195176554,0.0333144645735008
"319","John Stones","Manchester City",7,374,0,0,0,3,0,0.136985316872597,0,0,0.0329643810655981,0.0329643810655981
"320","Moussa Niakhate","Nottingham Forest",13,884,0,0,4,3,0.212779961526394,0.0978621523827314,0.212779961526394,0.0216631182549496,0.0099633413059342,0.0316264595608838
"321","Vitinho","Burnley",13,1055,0,0,6,3,0.256260272115469,0.113102052360773,0.256260272115469,0.0218610658676703,0.00964851631513704,0.0315095821828074
"322","Sofyan Amrabat","Manchester United",10,615,0,0,2,4,0.057632016018033,0.152855239808559,0.057632016018033,0.00843395356361459,0.0223690594841794,0.030803013047794
"323","Connor Roberts","Burnley",11,753,0,1,0,6,0,0.247047703713179,0,0,0.0295276139896229,0.0295276139896229
"324","Ameen Al Dakhil","Burnley",11,875,0,0,5,1,0.20567899569869,0.0780938938260078,0.20567899569869,0.0211555538432939,0.00803251479353224,0.0291880686368261
"325","Aaron Hickey","Brentford",9,749,0,0,7,1,0.193487325683236,0.0474643521010876,0.193487325683236,0.0232494783865037,0.00570332668771413,0.0289528050742178
"326","Martin Dubravka","Newcastle United",6,453,0,0,0,1,0,0.120026402175426,0,0,0.0238463050679655,0.0238463050679655
"327","Jonny Evans","Manchester United",11,731,0,1,1,3,0.081758588552475,0.10613673273474,0.081758588552475,0.0100660368942856,0.0130674499947012,0.0231334868889868
"328","Tosin Adarabioyo","Fulham",7,452,1,0,2,1,0.0303216204047203,0.0720870271325111,0.0303216204047203,0.0060374907885505,0.0143536115971814,0.0203911023857319
"329","Issa Diop","Fulham",9,806,0,0,3,0,0.156098263338208,0,0.156098263338208,0.0174303271717602,0,0.0174303271717602
"330","Andre Brooks","Sheffield United",7,339,0,0,2,0,0.0599633641541004,0,0.0599633641541004,0.0159194772090532,0,0.0159194772090532
"331","Calvin Bassey","Fulham",14,1011,0,0,1,2,0.0621846131980419,0.105975404381752,0.0621846131980419,0.00553572224314913,0.00943401225950314,0.0149697345026523
"332","Vinicius Souza","Sheffield United",18,1432,0,0,6,1,0.168378531001508,0.042746014893055,0.168378531001508,0.0105824495741171,0.00268655121534563,0.0132690007894628
"333","Lisandro Martínez","Manchester United",5,386,0,1,0,3,0,0.0476659638807177,0,0,0.0111138257752969,0.0111138257752969
"334","Kobbie Mainoo","Manchester United",5,414,0,0,1,1,0.0341486632823944,0.0157478302717209,0.0341486632823944,0.00742362245269444,0.00342344136341758,0.010847063816112
"335","Chris Richards","Crystal Palace",9,555,0,0,0,1,0,0.0640058666467667,0,0,0.0103793297265027,0.0103793297265027
"336","Nathaniel Clyne","Crystal Palace",7,458,0,0,1,0,0.0418425016105175,0,0.0418425016105175,0.00822232564398816,0,0.00822232564398816
"337","Jordan Pickford","Everton",18,1620,0,0,0,4,0,0.13560392614454,0,0,0.00753355145247446,0.00753355145247446
"338","Odisseas Vlachodimos","Nottingham Forest",5,450,0,0,0,1,0,0.0326653309166431,0,0,0.00653306618332863,0.00653306618332863
"339","André Onana","Manchester United",19,1710,0,0,0,2,0,0.0762293636798859,0,0,0.00401207177262557,0.00401207177262557
"340","Nick Pope","Newcastle United",14,1257,0,0,1,0,0.0164986308664083,0,0.0164986308664083,0.00118128621955191,0,0.00118128621955191
"341","Ederson","Manchester City",16,1440,0,0,0,0,0,0,0,0,0,0
"342","Alisson","Liverpool",17,1530,0,0,0,0,0,0,0,0,0,0
"343","Aaron Ramsdale","Arsenal",5,450,0,0,0,0,0,0,0,0,0,0
"344","David Raya","Arsenal",13,1170,0,0,0,0,0,0,0,0,0,0
"345","Guglielmo Vicario","Tottenham",18,1620,0,0,0,0,0,0,0,0,0,0
"346","Emiliano Martinez","Aston Villa",18,1620,0,0,0,0,0,0,0,0,0,0
"347","Jason Steele","Brighton",9,810,0,0,0,0,0,0,0,0,0,0
"348","Bart Verbruggen","Brighton",9,810,0,0,0,0,0,0,0,0,0,0
"349","Alphonse Areola","West Ham",15,1350,0,0,0,0,0,0,0,0,0,0
"350","Sam Johnstone","Crystal Palace",16,1440,0,0,0,0,0,0,0,0,0,0
"351","Robert Sánchez","Chelsea",16,1438,0,0,0,0,0,0,0,0,0,0
"352","Matt Turner","Nottingham Forest",14,1260,0,0,0,0,0,0,0,0,0,0
"353","Bernd Leno","Fulham",19,1710,0,0,0,0,0,0,0,0,0,0
"354","Mark Flekken","Brentford",16,1403,0,0,0,0,0,0,0,0,0,0
"355","José Sá","Wolverhampton Wanderers",16,1372,0,0,0,0,0,0,0,0,0,0
"356","Thomas Kaminski","Luton",18,1620,0,0,0,0,0,0,0,0,0,0
"357","James Trafford","Burnley",19,1710,0,0,0,0,0,0,0,0,0,0
"358","Neto","Bournemouth",16,1440,0,0,0,0,0,0,0,0,0,0
"359","Wes Foderingham","Sheffield United",19,1710,0,0,0,0,0,0,0,0,0,0
